date,day,month,year,quarter,day_of_week,is_weekend,date_id
2017-11-08,8,11,2017,4,2,0,1
2017-06-12,12,6,2017,2,0,0,2
2016-10-11,11,10,2016,4,1,0,3
2015-06-09,9,6,2015,2,1,0,4
2018-04-15,15,4,2018,2,6,1,5
2017-12-05,5,12,2017,4,1,0,6
2016-11-22,22,11,2016,4,1,0,7
2015-11-11,11,11,2015,4,2,0,8
2015-05-13,13,5,2015,2,2,0,9
2015-08-27,27,8,2015,3,3,0,10
2017-12-09,9,12,2017,4,5,1,11
2018-07-16,16,7,2018,3,0,0,12
2016-09-25,25,9,2016,3,6,1,13
2017-01-16,16,1,2017,1,0,0,14
2016-09-17,17,9,2016,3,5,1,15
2018-10-19,19,10,2018,4,4,0,16
2017-12-08,8,12,2017,4,4,0,17
2016-12-27,27,12,2016,4,1,0,18
2018-09-10,10,9,2018,3,0,0,19
2017-07-17,17,7,2017,3,0,0,20
2018-09-19,19,9,2018,3,2,0,21
2017-03-11,11,3,2017,1,5,1,22
2015-10-20,20,10,2015,4,1,0,23
2017-06-20,20,6,2017,2,1,0,24
2016-04-18,18,4,2016,2,0,0,25
2017-12-11,11,12,2017,4,0,0,26
2017-06-17,17,6,2017,2,5,1,27
2016-11-24,24,11,2016,4,3,0,28
2016-04-30,30,4,2016,2,5,1,29
2015-12-05,5,12,2015,4,5,1,30
2017-06-04,4,6,2017,2,6,1,31
2017-09-18,18,9,2017,3,0,0,32
2018-09-14,14,9,2018,3,4,0,33
2016-04-26,26,4,2016,2,1,0,34
2018-12-09,9,12,2018,4,6,1,35
2015-11-26,26,11,2015,4,3,0,36
2015-10-12,12,10,2015,4,0,0,37
2016-09-03,3,9,2016,3,5,1,38
2018-11-13,13,11,2018,4,1,0,39
2018-05-28,28,5,2018,2,0,0,40
2018-10-26,26,10,2018,4,4,0,41
2017-04-05,5,4,2017,2,2,0,42
2017-09-17,17,9,2017,3,6,1,43
2016-01-31,31,1,2016,1,6,1,44
2018-11-06,6,11,2018,4,1,0,45
2018-11-09,9,11,2018,4,4,0,46
2018-06-17,17,6,2018,2,6,1,47
2017-09-06,6,9,2017,3,2,0,48
2017-08-29,29,8,2017,3,1,0,49
2017-12-01,1,12,2017,4,4,0,50
2016-11-13,13,11,2016,4,6,1,51
2018-11-23,23,11,2018,4,4,0,52
2016-10-15,15,10,2016,4,5,1,53
2018-12-25,25,12,2018,4,1,0,54
2017-11-03,3,11,2017,4,4,0,55
2015-08-25,25,8,2015,3,1,0,56
2016-03-02,2,3,2016,1,2,0,57
2016-04-05,5,4,2016,2,1,0,58
2015-12-26,26,12,2015,4,5,1,59
2015-09-20,20,9,2015,3,6,1,60
2018-11-05,5,11,2018,4,0,0,61
2017-11-06,6,11,2017,4,0,0,62
2018-02-02,2,2,2018,1,4,0,63
2017-10-13,13,10,2017,4,4,0,64
2017-09-05,5,9,2017,3,1,0,65
2018-09-18,18,9,2018,3,1,0,66
2018-12-22,22,12,2018,4,5,1,67
2016-09-07,7,9,2016,3,2,0,68
2015-10-22,22,10,2015,4,3,0,69
2017-03-13,13,3,2017,1,0,0,70
2016-05-31,31,5,2016,2,1,0,71
2016-05-28,28,5,2016,2,5,1,72
2015-03-01,1,3,2015,1,6,1,73
2017-11-20,20,11,2017,4,0,0,74
2017-05-11,11,5,2017,2,3,0,75
2016-12-28,28,12,2016,4,2,0,76
2017-11-16,16,11,2017,4,3,0,77
2017-11-07,7,11,2017,4,1,0,78
2015-09-08,8,9,2015,3,1,0,79
2015-08-05,5,8,2015,3,2,0,80
2015-09-14,14,9,2015,3,0,0,81
2018-04-21,21,4,2018,2,5,1,82
2016-11-21,21,11,2016,4,0,0,83
2016-12-15,15,12,2016,4,3,0,84
2015-11-19,19,11,2015,4,3,0,85
2017-11-28,28,11,2017,4,1,0,86
2015-08-26,26,8,2015,3,2,0,87
2017-07-16,16,7,2017,3,6,1,88
2016-10-12,12,10,2016,4,2,0,89
2016-10-31,31,10,2016,4,0,0,90
2015-03-21,21,3,2015,1,5,1,91
2018-07-06,6,7,2018,3,4,0,92
2018-06-24,24,6,2018,2,6,1,93
2015-08-03,3,8,2015,3,0,0,94
2018-12-17,17,12,2018,4,0,0,95
2018-06-03,3,6,2018,2,6,1,96
2018-12-01,1,12,2018,4,5,1,97
2016-02-09,9,2,2016,1,1,0,98
2016-01-02,2,1,2016,1,5,1,99
2017-10-28,28,10,2017,4,5,1,100
2016-12-24,24,12,2016,4,5,1,101
2016-08-09,9,8,2016,3,1,0,102
2016-02-28,28,2,2016,1,6,1,103
2015-09-13,13,9,2015,3,6,1,104
2018-04-07,7,4,2018,2,5,1,105
2018-11-12,12,11,2018,4,0,0,106
2015-06-01,1,6,2015,2,0,0,107
2017-12-10,10,12,2017,4,6,1,108
2017-09-11,11,9,2017,3,0,0,109
2016-11-28,28,11,2016,4,0,0,110
2018-06-08,8,6,2018,2,4,0,111
2015-09-19,19,9,2015,3,5,1,112
2017-06-06,6,6,2017,2,1,0,113
2016-11-10,10,11,2016,4,3,0,114
2018-06-16,16,6,2018,2,5,1,115
2017-01-22,22,1,2017,1,6,1,116
2018-12-28,28,12,2018,4,4,0,117
2016-07-30,30,7,2016,3,5,1,118
2018-09-16,16,9,2018,3,6,1,119
2018-10-13,13,10,2018,4,5,1,120
2016-09-26,26,9,2016,3,0,0,121
2016-11-02,2,11,2016,4,2,0,122
2017-12-18,18,12,2017,4,0,0,123
2018-11-19,19,11,2018,4,0,0,124
2016-05-04,4,5,2016,2,2,0,125
2015-12-30,30,12,2015,4,2,0,126
2017-09-12,12,9,2017,3,1,0,127
2015-09-27,27,9,2015,3,6,1,128
2015-08-09,9,8,2015,3,6,1,129
2015-12-28,28,12,2015,4,0,0,130
2015-11-04,4,11,2015,4,2,0,131
2017-04-23,23,4,2017,2,6,1,132
2018-11-03,3,11,2018,4,5,1,133
2017-08-30,30,8,2017,3,2,0,134
2017-04-25,25,4,2017,2,1,0,135
2016-09-01,1,9,2016,3,3,0,136
2015-07-12,12,7,2015,3,6,1,137
2016-06-22,22,6,2016,2,2,0,138
2015-04-13,13,4,2015,2,0,0,139
2016-12-20,20,12,2016,4,1,0,140
2018-06-15,15,6,2018,2,4,0,141
2018-07-08,8,7,2018,3,6,1,142
2017-09-01,1,9,2017,3,4,0,143
2017-04-08,8,4,2017,2,5,1,144
2018-03-08,8,3,2018,1,3,0,145
2018-09-25,25,9,2018,3,1,0,146
2015-09-24,24,9,2015,3,3,0,147
2017-10-21,21,10,2017,4,5,1,148
2018-05-29,29,5,2018,2,1,0,149
2015-07-23,23,7,2015,3,3,0,150
2017-09-28,28,9,2017,3,3,0,151
2018-08-27,27,8,2018,3,0,0,152
2016-04-28,28,4,2016,2,3,0,153
2016-06-26,26,6,2016,2,6,1,154
2016-11-27,27,11,2016,4,6,1,155
2016-12-03,3,12,2016,4,5,1,156
2015-11-24,24,11,2015,4,1,0,157
2018-12-11,11,12,2018,4,1,0,158
2015-09-21,21,9,2015,3,0,0,159
2015-06-07,7,6,2015,2,6,1,160
2018-06-30,30,6,2018,2,5,1,161
2018-10-17,17,10,2018,4,2,0,162
2017-09-08,8,9,2017,3,4,0,163
2015-12-24,24,12,2015,4,3,0,164
2015-04-16,16,4,2015,2,3,0,165
2018-12-24,24,12,2018,4,0,0,166
2018-12-08,8,12,2018,4,5,1,167
2017-04-14,14,4,2017,2,4,0,168
2018-03-04,4,3,2018,1,6,1,169
2015-06-22,22,6,2015,2,0,0,170
2018-08-21,21,8,2018,3,1,0,171
2015-09-12,12,9,2015,3,5,1,172
2018-10-01,1,10,2018,4,0,0,173
2017-04-15,15,4,2017,2,5,1,174
2015-12-19,19,12,2015,4,5,1,175
2018-09-15,15,9,2018,3,5,1,176
2018-01-20,20,1,2018,1,5,1,177
2018-03-20,20,3,2018,1,1,0,178
2017-04-01,1,4,2017,2,5,1,179
2018-10-20,20,10,2018,4,5,1,180
2017-12-13,13,12,2017,4,2,0,181
2015-02-12,12,2,2015,1,3,0,182
2017-09-26,26,9,2017,3,1,0,183
2017-04-22,22,4,2017,2,5,1,184
2016-01-17,17,1,2016,1,6,1,185
2018-03-31,31,3,2018,1,5,1,186
2017-12-16,16,12,2017,4,5,1,187
2015-11-09,9,11,2015,4,0,0,188
2017-07-12,12,7,2017,3,2,0,189
2017-10-27,27,10,2017,4,4,0,190
2017-06-26,26,6,2017,2,0,0,191
2015-10-06,6,10,2015,4,1,0,192
2015-07-22,22,7,2015,3,2,0,193
2018-06-10,10,6,2018,2,6,1,194
2015-10-29,29,10,2015,4,3,0,195
2017-05-09,9,5,2017,2,1,0,196
2017-03-18,18,3,2017,1,5,1,197
2017-07-25,25,7,2017,3,1,0,198
2017-05-30,30,5,2017,2,1,0,199
2016-03-16,16,3,2016,1,2,0,200
2018-11-26,26,11,2018,4,0,0,201
2017-10-20,20,10,2017,4,4,0,202
2018-12-21,21,12,2018,4,4,0,203
2018-01-22,22,1,2018,1,0,0,204
2016-03-22,22,3,2016,1,1,0,205
2018-01-23,23,1,2018,1,1,0,206
2017-05-21,21,5,2017,2,6,1,207
2016-12-26,26,12,2016,4,0,0,208
2018-10-21,21,10,2018,4,6,1,209
2016-11-07,7,11,2016,4,0,0,210
2018-09-07,7,9,2018,3,4,0,211
2017-05-29,29,5,2017,2,0,0,212
2017-07-10,10,7,2017,3,0,0,213
2018-09-03,3,9,2018,3,0,0,214
2016-12-07,7,12,2016,4,2,0,215
2015-02-01,1,2,2015,1,6,1,216
2017-07-14,14,7,2017,3,4,0,217
2016-12-18,18,12,2016,4,6,1,218
2015-05-11,11,5,2015,2,0,0,219
2016-11-15,15,11,2016,4,1,0,220
2018-09-11,11,9,2018,3,1,0,221
2018-11-24,24,11,2018,4,5,1,222
2018-06-29,29,6,2018,2,4,0,223
2015-03-03,3,3,2015,1,1,0,224
2017-06-10,10,6,2017,2,5,1,225
2018-11-20,20,11,2018,4,1,0,226
2018-12-07,7,12,2018,4,4,0,227
2016-09-18,18,9,2016,3,6,1,228
2018-07-20,20,7,2018,3,4,0,229
2016-09-10,10,9,2016,3,5,1,230
2016-07-03,3,7,2016,3,6,1,231
2017-03-20,20,3,2017,1,0,0,232
2015-01-09,9,1,2015,1,4,0,233
2015-08-08,8,8,2015,3,5,1,234
2015-03-15,15,3,2015,1,6,1,235
2015-05-23,23,5,2015,2,5,1,236
2017-04-28,28,4,2017,2,4,0,237
2018-11-14,14,11,2018,4,2,0,238
2018-08-18,18,8,2018,3,5,1,239
2016-11-29,29,11,2016,4,1,0,240
2018-05-19,19,5,2018,2,5,1,241
2018-09-24,24,9,2018,3,0,0,242
2016-10-04,4,10,2016,4,1,0,243
2017-08-15,15,8,2017,3,1,0,244
2017-05-20,20,5,2017,2,5,1,245
2018-07-30,30,7,2018,3,0,0,246
2018-07-21,21,7,2018,3,5,1,247
2018-12-30,30,12,2018,4,6,1,248
2017-10-23,23,10,2017,4,0,0,249
2018-06-19,19,6,2018,2,1,0,250
2017-08-22,22,8,2017,3,1,0,251
2017-09-19,19,9,2017,3,1,0,252
2016-08-24,24,8,2016,3,2,0,253
2017-03-26,26,3,2017,1,6,1,254
2017-11-04,4,11,2017,4,5,1,255
2018-06-09,9,6,2018,2,5,1,256
2018-12-05,5,12,2018,4,2,0,257
2018-03-18,18,3,2018,1,6,1,258
2017-11-19,19,11,2017,4,6,1,259
2018-11-04,4,11,2018,4,6,1,260
2015-07-05,5,7,2015,3,6,1,261
2015-06-21,21,6,2015,2,6,1,262
2016-03-28,28,3,2016,1,0,0,263
2016-05-14,14,5,2016,2,5,1,264
2018-09-02,2,9,2018,3,6,1,265
2016-04-09,9,4,2016,2,5,1,266
2015-12-02,2,12,2015,4,2,0,267
2015-04-05,5,4,2015,2,6,1,268
2015-07-01,1,7,2015,3,2,0,269
2015-01-11,11,1,2015,1,6,1,270
2015-06-02,2,6,2015,2,1,0,271
2017-02-13,13,2,2017,1,0,0,272
2017-12-15,15,12,2017,4,4,0,273
2015-10-07,7,10,2015,4,2,0,274
2017-07-07,7,7,2017,3,4,0,275
2017-12-03,3,12,2017,4,6,1,276
2018-01-21,21,1,2018,1,6,1,277
2015-01-04,4,1,2015,1,6,1,278
2017-08-27,27,8,2017,3,6,1,279
2015-05-27,27,5,2015,2,2,0,280
2018-10-02,2,10,2018,4,1,0,281
2017-04-07,7,4,2017,2,4,0,282
2015-12-29,29,12,2015,4,1,0,283
2018-07-23,23,7,2018,3,0,0,284
2016-08-31,31,8,2016,3,2,0,285
2016-02-08,8,2,2016,1,0,0,286
2015-01-13,13,1,2015,1,1,0,287
2015-05-14,14,5,2015,2,3,0,288
2017-05-19,19,5,2017,2,4,0,289
2018-01-30,30,1,2018,1,1,0,290
2015-06-29,29,6,2015,2,0,0,291
2016-08-21,21,8,2016,3,6,1,292
2016-10-03,3,10,2016,4,0,0,293
2016-05-23,23,5,2016,2,0,0,294
2018-03-17,17,3,2018,1,5,1,295
2016-12-12,12,12,2016,4,0,0,296
2018-09-21,21,9,2018,3,4,0,297
2018-02-20,20,2,2018,1,1,0,298
2017-08-18,18,8,2017,3,4,0,299
2017-03-12,12,3,2017,1,6,1,300
2018-04-22,22,4,2018,2,6,1,301
2015-11-01,1,11,2015,4,6,1,302
2016-02-03,3,2,2016,1,2,0,303
2015-10-13,13,10,2015,4,1,0,304
2018-05-14,14,5,2018,2,0,0,305
2016-03-20,20,3,2016,1,6,1,306
2017-09-15,15,9,2017,3,4,0,307
2015-06-28,28,6,2015,2,6,1,308
2018-06-20,20,6,2018,2,2,0,309
2015-05-09,9,5,2015,2,5,1,310
2017-07-23,23,7,2017,3,6,1,311
2017-03-07,7,3,2017,1,1,0,312
2016-11-20,20,11,2016,4,6,1,313
2016-10-13,13,10,2016,4,3,0,314
2018-01-01,1,1,2018,1,0,0,315
2015-02-07,7,2,2015,1,5,1,316
2017-05-28,28,5,2017,2,6,1,317
2017-02-19,19,2,2017,1,6,1,318
2018-04-10,10,4,2018,2,1,0,319
2017-01-05,5,1,2017,1,3,0,320
2015-01-10,10,1,2015,1,5,1,321
2017-09-29,29,9,2017,3,4,0,322
2015-04-06,6,4,2015,2,0,0,323
2017-09-03,3,9,2017,3,6,1,324
2016-10-19,19,10,2016,4,2,0,325
2015-12-10,10,12,2015,4,3,0,326
2018-08-25,25,8,2018,3,5,1,327
2017-01-17,17,1,2017,1,1,0,328
2015-09-17,17,9,2015,3,3,0,329
2018-11-30,30,11,2018,4,4,0,330
2016-10-09,9,10,2016,4,6,1,331
2018-12-23,23,12,2018,4,6,1,332
2017-10-22,22,10,2017,4,6,1,333
2015-04-29,29,4,2015,2,2,0,334
2016-04-25,25,4,2016,2,0,0,335
2018-06-26,26,6,2018,2,1,0,336
2018-10-14,14,10,2018,4,6,1,337
2015-12-09,9,12,2015,4,2,0,338
2017-11-10,10,11,2017,4,4,0,339
2017-10-03,3,10,2017,4,1,0,340
2015-09-09,9,9,2015,3,2,0,341
2018-10-29,29,10,2018,4,0,0,342
2017-04-10,10,4,2017,2,0,0,343
2018-11-11,11,11,2018,4,6,1,344
2018-11-27,27,11,2018,4,1,0,345
2015-06-15,15,6,2015,2,0,0,346
2017-03-05,5,3,2017,1,6,1,347
2016-04-11,11,4,2016,2,0,0,348
2016-10-05,5,10,2016,4,2,0,349
2018-04-14,14,4,2018,2,5,1,350
2016-12-13,13,12,2016,4,1,0,351
2017-06-19,19,6,2017,2,0,0,352
2016-05-29,29,5,2016,2,6,1,353
2016-07-26,26,7,2016,3,1,0,354
2018-11-28,28,11,2018,4,2,0,355
2018-04-03,3,4,2018,2,1,0,356
2018-05-15,15,5,2018,2,1,0,357
2016-09-22,22,9,2016,3,3,0,358
2015-09-22,22,9,2015,3,1,0,359
2018-04-09,9,4,2018,2,0,0,360
2015-01-16,16,1,2015,1,4,0,361
2018-10-05,5,10,2018,4,4,0,362
2018-07-09,9,7,2018,3,0,0,363
2018-01-07,7,1,2018,1,6,1,364
2016-12-09,9,12,2016,4,4,0,365
2018-09-29,29,9,2018,3,5,1,366
2016-03-10,10,3,2016,1,3,0,367
2018-05-21,21,5,2018,2,0,0,368
2016-03-29,29,3,2016,1,1,0,369
2017-09-09,9,9,2017,3,5,1,370
2017-08-26,26,8,2017,3,5,1,371
2015-05-21,21,5,2015,2,3,0,372
2016-10-28,28,10,2016,4,4,0,373
2017-11-13,13,11,2017,4,0,0,374
2016-07-31,31,7,2016,3,6,1,375
2016-08-27,27,8,2016,3,5,1,376
2016-11-06,6,11,2016,4,6,1,377
2018-12-26,26,12,2018,4,2,0,378
2018-08-01,1,8,2018,3,2,0,379
2016-12-21,21,12,2016,4,2,0,380
2016-07-06,6,7,2016,3,2,0,381
2016-04-27,27,4,2016,2,2,0,382
2016-06-16,16,6,2016,2,3,0,383
2017-01-11,11,1,2017,1,2,0,384
2015-07-11,11,7,2015,3,5,1,385
2016-06-13,13,6,2016,2,0,0,386
2018-10-12,12,10,2018,4,4,0,387
2017-03-08,8,3,2017,1,2,0,388
2016-04-04,4,4,2016,2,0,0,389
2018-12-10,10,12,2018,4,0,0,390
2017-11-24,24,11,2017,4,4,0,391
2016-03-23,23,3,2016,1,2,0,392
2016-04-16,16,4,2016,2,5,1,393
2017-10-01,1,10,2017,4,6,1,394
2018-09-28,28,9,2018,3,4,0,395
2016-07-25,25,7,2016,3,0,0,396
2017-11-12,12,11,2017,4,6,1,397
2018-09-23,23,9,2018,3,6,1,398
2017-03-01,1,3,2017,1,2,0,399
2017-08-12,12,8,2017,3,5,1,400
2018-06-04,4,6,2018,2,0,0,401
2016-12-06,6,12,2016,4,1,0,402
2015-06-25,25,6,2015,2,3,0,403
2017-06-14,14,6,2017,2,2,0,404
2018-12-18,18,12,2018,4,1,0,405
2017-07-22,22,7,2017,3,5,1,406
2016-09-04,4,9,2016,3,6,1,407
2015-01-20,20,1,2015,1,1,0,408
2017-04-12,12,4,2017,2,2,0,409
2017-12-06,6,12,2017,4,2,0,410
2017-06-05,5,6,2017,2,0,0,411
2015-09-29,29,9,2015,3,1,0,412
2016-05-08,8,5,2016,2,6,1,413
2017-12-31,31,12,2017,4,6,1,414
2015-12-20,20,12,2015,4,6,1,415
2017-07-02,2,7,2017,3,6,1,416
2015-09-01,1,9,2015,3,1,0,417
2015-05-04,4,5,2015,2,0,0,418
2015-03-10,10,3,2015,1,1,0,419
2015-04-21,21,4,2015,2,1,0,420
2016-10-22,22,10,2016,4,5,1,421
2016-08-22,22,8,2016,3,0,0,422
2015-12-27,27,12,2015,4,6,1,423
2017-04-24,24,4,2017,2,0,0,424
2018-01-14,14,1,2018,1,6,1,425
2018-02-26,26,2,2018,1,0,0,426
2016-09-15,15,9,2016,3,3,0,427
2017-07-18,18,7,2017,3,1,0,428
2018-09-09,9,9,2018,3,6,1,429
2017-12-04,4,12,2017,4,0,0,430
2015-08-11,11,8,2015,3,1,0,431
2017-02-15,15,2,2017,1,2,0,432
2015-12-12,12,12,2015,4,5,1,433
2016-07-04,4,7,2016,3,0,0,434
2018-03-10,10,3,2018,1,5,1,435
2017-12-24,24,12,2017,4,6,1,436
2018-10-23,23,10,2018,4,1,0,437
2018-07-07,7,7,2018,3,5,1,438
2017-04-21,21,4,2017,2,4,0,439
2017-05-26,26,5,2017,2,4,0,440
2017-05-02,2,5,2017,2,1,0,441
2017-11-22,22,11,2017,4,2,0,442
2016-05-25,25,5,2016,2,2,0,443
2017-12-23,23,12,2017,4,5,1,444
2016-09-19,19,9,2016,3,0,0,445
2018-07-03,3,7,2018,3,1,0,446
2017-09-24,24,9,2017,3,6,1,447
2018-02-03,3,2,2018,1,5,1,448
2018-03-03,3,3,2018,1,5,1,449
2018-10-09,9,10,2018,4,1,0,450
2015-09-28,28,9,2015,3,0,0,451
2016-06-14,14,6,2016,2,1,0,452
2017-03-30,30,3,2017,1,3,0,453
2018-10-15,15,10,2018,4,0,0,454
2017-05-23,23,5,2017,2,1,0,455
2018-06-02,2,6,2018,2,5,1,456
2015-02-16,16,2,2015,1,0,0,457
2015-05-06,6,5,2015,2,2,0,458
2017-05-16,16,5,2017,2,1,0,459
2018-04-02,2,4,2018,2,0,0,460
2018-01-02,2,1,2018,1,1,0,461
2015-03-17,17,3,2015,1,1,0,462
2015-10-03,3,10,2015,4,5,1,463
2017-03-28,28,3,2017,1,1,0,464
2018-05-04,4,5,2018,2,4,0,465
2017-05-05,5,5,2017,2,4,0,466
2018-04-26,26,4,2018,2,3,0,467
2015-09-26,26,9,2015,3,5,1,468
2018-11-10,10,11,2018,4,5,1,469
2018-03-07,7,3,2018,1,2,0,470
2015-04-01,1,4,2015,2,2,0,471
2016-09-14,14,9,2016,3,2,0,472
2015-08-04,4,8,2015,3,1,0,473
2017-02-05,5,2,2017,1,6,1,474
2017-11-01,1,11,2017,4,2,0,475
2017-04-19,19,4,2017,2,2,0,476
2017-09-02,2,9,2017,3,5,1,477
2017-09-25,25,9,2017,3,0,0,478
2017-07-09,9,7,2017,3,6,1,479
2015-06-30,30,6,2015,2,1,0,480
2018-01-28,28,1,2018,1,6,1,481
2016-09-21,21,9,2016,3,2,0,482
2017-12-26,26,12,2017,4,1,0,483
2018-04-12,12,4,2018,2,3,0,484
2018-12-19,19,12,2018,4,2,0,485
2018-08-05,5,8,2018,3,6,1,486
2016-10-01,1,10,2016,4,5,1,487
2018-06-13,13,6,2018,2,2,0,488
2015-04-23,23,4,2015,2,3,0,489
2016-05-01,1,5,2016,2,6,1,490
2016-07-19,19,7,2016,3,1,0,491
2017-11-26,26,11,2017,4,6,1,492
2018-06-12,12,6,2018,2,1,0,493
2016-08-17,17,8,2016,3,2,0,494
2016-12-01,1,12,2016,4,3,0,495
2016-05-16,16,5,2016,2,0,0,496
2016-09-24,24,9,2016,3,5,1,497
2018-07-11,11,7,2018,3,2,0,498
2018-03-19,19,3,2018,1,0,0,499
2017-12-02,2,12,2017,4,5,1,500
2017-10-14,14,10,2017,4,5,1,501
2015-11-27,27,11,2015,4,4,0,502
2016-11-03,3,11,2016,4,3,0,503
2015-11-29,29,11,2015,4,6,1,504
2018-04-30,30,4,2018,2,0,0,505
2018-10-30,30,10,2018,4,1,0,506
2015-12-17,17,12,2015,4,3,0,507
2018-09-04,4,9,2018,3,1,0,508
2017-10-17,17,10,2017,4,1,0,509
2016-08-01,1,8,2016,3,0,0,510
2018-09-12,12,9,2018,3,2,0,511
2015-02-03,3,2,2015,1,1,0,512
2018-02-11,11,2,2018,1,6,1,513
2018-04-16,16,4,2018,2,0,0,514
2016-03-26,26,3,2016,1,5,1,515
2018-08-31,31,8,2018,3,4,0,516
2018-02-10,10,2,2018,1,5,1,517
2017-10-29,29,10,2017,4,6,1,518
2015-03-11,11,3,2015,1,2,0,519
2015-02-04,4,2,2015,1,2,0,520
2015-12-31,31,12,2015,4,3,0,521
2016-11-23,23,11,2016,4,2,0,522
2015-07-06,6,7,2015,3,0,0,523
2015-05-03,3,5,2015,2,6,1,524
2018-10-16,16,10,2018,4,1,0,525
2016-02-06,6,2,2016,1,5,1,526
2017-04-09,9,4,2017,2,6,1,527
2015-04-04,4,4,2015,2,5,1,528
2018-09-05,5,9,2018,3,2,0,529
2016-11-09,9,11,2016,4,2,0,530
2015-03-04,4,3,2015,1,2,0,531
2016-03-19,19,3,2016,1,5,1,532
2018-06-11,11,6,2018,2,0,0,533
2015-11-23,23,11,2015,4,0,0,534
2015-12-15,15,12,2015,4,1,0,535
2017-02-27,27,2,2017,1,0,0,536
2017-05-12,12,5,2017,2,4,0,537
2016-06-23,23,6,2016,2,3,0,538
2015-10-19,19,10,2015,4,0,0,539
2016-03-24,24,3,2016,1,3,0,540
2018-05-08,8,5,2018,2,1,0,541
2017-05-08,8,5,2017,2,0,0,542
2015-05-26,26,5,2015,2,1,0,543
2017-03-15,15,3,2017,1,2,0,544
2016-08-10,10,8,2016,3,2,0,545
2017-09-10,10,9,2017,3,6,1,546
2016-12-19,19,12,2016,4,0,0,547
2016-11-16,16,11,2016,4,2,0,548
2018-06-21,21,6,2018,2,3,0,549
2016-11-01,1,11,2016,4,1,0,550
2015-08-29,29,8,2015,3,5,1,551
2018-11-18,18,11,2018,4,6,1,552
2015-05-12,12,5,2015,2,1,0,553
2016-01-10,10,1,2016,1,6,1,554
2017-03-22,22,3,2017,1,2,0,555
2016-12-11,11,12,2016,4,6,1,556
2017-05-18,18,5,2017,2,3,0,557
2015-09-07,7,9,2015,3,0,0,558
2018-04-24,24,4,2018,2,1,0,559
2015-08-16,16,8,2015,3,6,1,560
2017-03-14,14,3,2017,1,1,0,561
2015-06-03,3,6,2015,2,2,0,562
2016-07-13,13,7,2016,3,2,0,563
2015-02-02,2,2,2015,1,0,0,564
2016-01-30,30,1,2016,1,5,1,565
2018-09-08,8,9,2018,3,5,1,566
2018-10-07,7,10,2018,4,6,1,567
2017-04-30,30,4,2017,2,6,1,568
2018-04-29,29,4,2018,2,6,1,569
2017-02-07,7,2,2017,1,1,0,570
2018-07-29,29,7,2018,3,6,1,571
2015-06-06,6,6,2015,2,5,1,572
2017-08-13,13,8,2017,3,6,1,573
2015-04-25,25,4,2015,2,5,1,574
2018-12-02,2,12,2018,4,6,1,575
2016-12-08,8,12,2016,4,3,0,576
2015-01-05,5,1,2015,1,0,0,577
2016-09-05,5,9,2016,3,0,0,578
2017-08-04,4,8,2017,3,4,0,579
2015-03-22,22,3,2015,1,6,1,580
2018-03-02,2,3,2018,1,4,0,581
2017-11-27,27,11,2017,4,0,0,582
2015-04-28,28,4,2015,2,1,0,583
2017-11-11,11,11,2017,4,5,1,584
2016-07-09,9,7,2016,3,5,1,585
2018-09-22,22,9,2018,3,5,1,586
2016-02-15,15,2,2016,1,0,0,587
2015-09-30,30,9,2015,3,2,0,588
2015-12-01,1,12,2015,4,1,0,589
2015-12-08,8,12,2015,4,1,0,590
2017-08-08,8,8,2017,3,1,0,591
2017-12-25,25,12,2017,4,0,0,592
2017-02-11,11,2,2017,1,5,1,593
2016-06-04,4,6,2016,2,5,1,594
2015-05-25,25,5,2015,2,0,0,595
2017-02-16,16,2,2017,1,3,0,596
2017-12-22,22,12,2017,4,4,0,597
2017-02-08,8,2,2017,1,2,0,598
2015-05-18,18,5,2015,2,0,0,599
2016-11-05,5,11,2016,4,5,1,600
2018-02-19,19,2,2018,1,0,0,601
2015-08-01,1,8,2015,3,5,1,602
2018-01-12,12,1,2018,1,4,0,603
2016-07-20,20,7,2016,3,2,0,604
2015-06-13,13,6,2015,2,5,1,605
2018-05-12,12,5,2018,2,5,1,606
2018-03-26,26,3,2018,1,0,0,607
2015-11-12,12,11,2015,4,3,0,608
2016-06-25,25,6,2016,2,5,1,609
2015-07-21,21,7,2015,3,1,0,610
2018-11-21,21,11,2018,4,2,0,611
2015-06-04,4,6,2015,2,3,0,612
2017-03-10,10,3,2017,1,4,0,613
2018-03-25,25,3,2018,1,6,1,614
2018-12-29,29,12,2018,4,5,1,615
2018-03-28,28,3,2018,1,2,0,616
2016-03-05,5,3,2016,1,5,1,617
2018-01-19,19,1,2018,1,4,0,618
2015-10-21,21,10,2015,4,2,0,619
2015-03-14,14,3,2015,1,5,1,620
2016-12-31,31,12,2016,4,5,1,621
2018-10-03,3,10,2018,4,2,0,622
2017-06-29,29,6,2017,2,3,0,623
2017-08-20,20,8,2017,3,6,1,624
2017-05-17,17,5,2017,2,2,0,625
2017-11-15,15,11,2017,4,2,0,626
2015-01-15,15,1,2015,1,3,0,627
2016-11-08,8,11,2016,4,1,0,628
2016-10-30,30,10,2016,4,6,1,629
2018-08-17,17,8,2018,3,4,0,630
2017-07-08,8,7,2017,3,5,1,631
2018-03-09,9,3,2018,1,4,0,632
2017-06-09,9,6,2017,2,4,0,633
2018-03-16,16,3,2018,1,4,0,634
2018-08-06,6,8,2018,3,0,0,635
2018-08-29,29,8,2018,3,2,0,636
2018-05-06,6,5,2018,2,6,1,637
2015-12-14,14,12,2015,4,0,0,638
2015-10-18,18,10,2015,4,6,1,639
2016-12-14,14,12,2016,4,2,0,640
2015-12-03,3,12,2015,4,3,0,641
2015-11-25,25,11,2015,4,2,0,642
2018-02-24,24,2,2018,1,5,1,643
2018-06-25,25,6,2018,2,0,0,644
2015-02-06,6,2,2015,1,4,0,645
2018-04-11,11,4,2018,2,2,0,646
2018-08-03,3,8,2018,3,4,0,647
2015-11-15,15,11,2015,4,6,1,648
2018-08-20,20,8,2018,3,0,0,649
2016-03-13,13,3,2016,1,6,1,650
2016-11-26,26,11,2016,4,5,1,651
2016-01-23,23,1,2016,1,5,1,652
2016-06-18,18,6,2016,2,5,1,653
2016-10-02,2,10,2016,4,6,1,654
2015-08-17,17,8,2015,3,0,0,655
2016-07-11,11,7,2016,3,0,0,656
2015-10-31,31,10,2015,4,5,1,657
2016-04-13,13,4,2016,2,2,0,658
2017-07-21,21,7,2017,3,4,0,659
2018-11-07,7,11,2018,4,2,0,660
2018-02-23,23,2,2018,1,4,0,661
2017-06-23,23,6,2017,2,4,0,662
2016-10-26,26,10,2016,4,2,0,663
2018-07-15,15,7,2018,3,6,1,664
2015-11-17,17,11,2015,4,1,0,665
2016-11-25,25,11,2016,4,4,0,666
2017-05-15,15,5,2017,2,0,0,667
2015-07-18,18,7,2015,3,5,1,668
2018-03-24,24,3,2018,1,5,1,669
2018-04-13,13,4,2018,2,4,0,670
2015-06-23,23,6,2015,2,1,0,671
2015-05-20,20,5,2015,2,2,0,672
2016-11-30,30,11,2016,4,2,0,673
2018-11-16,16,11,2018,4,4,0,674
2017-06-25,25,6,2017,2,6,1,675
2017-05-14,14,5,2017,2,6,1,676
2017-01-07,7,1,2017,1,5,1,677
2018-03-13,13,3,2018,1,1,0,678
2018-01-27,27,1,2018,1,5,1,679
2017-07-30,30,7,2017,3,6,1,680
2017-10-15,15,10,2017,4,6,1,681
2017-05-07,7,5,2017,2,6,1,682
2018-08-10,10,8,2018,3,4,0,683
2015-11-28,28,11,2015,4,5,1,684
2016-09-06,6,9,2016,3,1,0,685
2016-06-29,29,6,2016,2,2,0,686
2015-07-14,14,7,2015,3,1,0,687
2015-11-14,14,11,2015,4,5,1,688
2018-07-28,28,7,2018,3,5,1,689
2018-07-31,31,7,2018,3,1,0,690
2017-03-19,19,3,2017,1,6,1,691
2015-03-31,31,3,2015,1,1,0,692
2017-07-15,15,7,2017,3,5,1,693
2018-04-20,20,4,2018,2,4,0,694
2016-09-28,28,9,2016,3,2,0,695
2018-02-06,6,2,2018,1,1,0,696
2017-11-14,14,11,2017,4,1,0,697
2018-09-17,17,9,2018,3,0,0,698
2018-12-20,20,12,2018,4,3,0,699
2016-03-06,6,3,2016,1,6,1,700
2015-06-27,27,6,2015,2,5,1,701
2018-11-17,17,11,2018,4,5,1,702
2018-06-01,1,6,2018,2,4,0,703
2018-01-08,8,1,2018,1,0,0,704
2016-04-20,20,4,2016,2,2,0,705
2016-08-06,6,8,2016,3,5,1,706
2016-12-23,23,12,2016,4,4,0,707
2016-12-25,25,12,2016,4,6,1,708
2018-03-21,21,3,2018,1,2,0,709
2015-08-23,23,8,2015,3,6,1,710
2015-08-19,19,8,2015,3,2,0,711
2015-07-26,26,7,2015,3,6,1,712
2017-02-22,22,2,2017,1,2,0,713
2017-09-23,23,9,2017,3,5,1,714
2018-01-24,24,1,2018,1,2,0,715
2017-05-06,6,5,2017,2,5,1,716
2017-03-17,17,3,2017,1,4,0,717
2016-11-14,14,11,2016,4,0,0,718
2018-08-14,14,8,2018,3,1,0,719
2018-04-01,1,4,2018,2,6,1,720
2017-09-27,27,9,2017,3,2,0,721
2018-03-23,23,3,2018,1,4,0,722
2016-06-07,7,6,2016,2,1,0,723
2017-12-29,29,12,2017,4,4,0,724
2017-04-18,18,4,2017,2,1,0,725
2017-06-11,11,6,2017,2,6,1,726
2018-05-13,13,5,2018,2,6,1,727
2015-03-25,25,3,2015,1,2,0,728
2015-11-18,18,11,2015,4,2,0,729
2018-07-17,17,7,2018,3,1,0,730
2017-05-22,22,5,2017,2,0,0,731
2017-10-31,31,10,2017,4,1,0,732
2017-11-05,5,11,2017,4,6,1,733
2018-08-15,15,8,2018,3,2,0,734
2018-12-03,3,12,2018,4,0,0,735
2018-08-28,28,8,2018,3,1,0,736
2015-12-13,13,12,2015,4,6,1,737
2015-06-16,16,6,2015,2,1,0,738
2018-06-22,22,6,2018,2,4,0,739
2015-07-25,25,7,2015,3,5,1,740
2016-07-02,2,7,2016,3,5,1,741
2017-11-18,18,11,2017,4,5,1,742
2015-09-05,5,9,2015,3,5,1,743
2018-05-02,2,5,2018,2,2,0,744
2016-04-06,6,4,2016,2,2,0,745
2015-10-24,24,10,2015,4,5,1,746
2016-01-27,27,1,2016,1,2,0,747
2016-07-16,16,7,2016,3,5,1,748
2016-08-16,16,8,2016,3,1,0,749
2017-09-14,14,9,2017,3,3,0,750
2017-10-08,8,10,2017,4,6,1,751
2016-03-17,17,3,2016,1,3,0,752
2018-11-01,1,11,2018,4,3,0,753
2018-12-27,27,12,2018,4,3,0,754
2015-11-22,22,11,2015,4,6,1,755
2015-01-26,26,1,2015,1,0,0,756
2018-04-23,23,4,2018,2,0,0,757
2015-12-16,16,12,2015,4,2,0,758
2017-03-04,4,3,2017,1,5,1,759
2015-04-26,26,4,2015,2,6,1,760
2018-10-22,22,10,2018,4,0,0,761
2016-07-05,5,7,2016,3,1,0,762
2016-08-15,15,8,2016,3,0,0,763
2016-02-20,20,2,2016,1,5,1,764
2017-04-17,17,4,2017,2,0,0,765
2017-08-16,16,8,2017,3,2,0,766
2017-05-01,1,5,2017,2,0,0,767
2016-08-25,25,8,2016,3,3,0,768
2016-11-12,12,11,2016,4,5,1,769
2018-12-04,4,12,2018,4,1,0,770
2017-08-28,28,8,2017,3,0,0,771
2015-10-15,15,10,2015,4,3,0,772
2015-03-18,18,3,2015,1,2,0,773
2015-05-24,24,5,2015,2,6,1,774
2015-12-04,4,12,2015,4,4,0,775
2018-08-26,26,8,2018,3,6,1,776
2015-12-06,6,12,2015,4,6,1,777
2015-10-04,4,10,2015,4,6,1,778
2018-02-13,13,2,2018,1,1,0,779
2015-07-02,2,7,2015,3,3,0,780
2016-02-21,21,2,2016,1,6,1,781
2017-02-25,25,2,2017,1,5,1,782
2016-06-20,20,6,2016,2,0,0,783
2018-08-07,7,8,2018,3,1,0,784
2016-12-04,4,12,2016,4,6,1,785
2015-06-08,8,6,2015,2,0,0,786
2016-04-17,17,4,2016,2,6,1,787
2018-01-15,15,1,2018,1,0,0,788
2016-04-02,2,4,2016,2,5,1,789
2016-07-17,17,7,2016,3,6,1,790
2017-10-09,9,10,2017,4,0,0,791
2015-04-12,12,4,2015,2,6,1,792
2017-10-25,25,10,2017,4,2,0,793
2016-05-12,12,5,2016,2,3,0,794
2015-09-25,25,9,2015,3,4,0,795
2018-01-26,26,1,2018,1,4,0,796
2018-05-18,18,5,2018,2,4,0,797
2017-12-27,27,12,2017,4,2,0,798
2018-04-08,8,4,2018,2,6,1,799
2017-06-02,2,6,2017,2,4,0,800
2018-07-25,25,7,2018,3,2,0,801
2018-08-12,12,8,2018,3,6,1,802
2018-08-13,13,8,2018,3,0,0,803
2017-01-21,21,1,2017,1,5,1,804
2017-01-15,15,1,2017,1,6,1,805
2015-02-21,21,2,2015,1,5,1,806
2017-01-30,30,1,2017,1,0,0,807
2017-10-18,18,10,2017,4,2,0,808
2018-11-02,2,11,2018,4,4,0,809
2015-03-30,30,3,2015,1,0,0,810
2017-01-04,4,1,2017,1,2,0,811
2016-09-12,12,9,2016,3,0,0,812
2017-06-27,27,6,2017,2,1,0,813
2017-11-23,23,11,2017,4,3,0,814
2015-09-02,2,9,2015,3,2,0,815
2018-07-10,10,7,2018,3,1,0,816
2016-08-08,8,8,2016,3,0,0,817
2018-12-14,14,12,2018,4,4,0,818
2018-06-27,27,6,2018,2,2,0,819
2018-12-16,16,12,2018,4,6,1,820
2016-05-07,7,5,2016,2,5,1,821
2016-06-12,12,6,2016,2,6,1,822
2017-05-25,25,5,2017,2,3,0,823
2017-02-21,21,2,2017,1,1,0,824
2017-10-02,2,10,2017,4,0,0,825
2018-03-11,11,3,2018,1,6,1,826
2015-05-17,17,5,2015,2,6,1,827
2018-04-17,17,4,2018,2,1,0,828
2017-08-23,23,8,2017,3,2,0,829
2015-08-24,24,8,2015,3,0,0,830
2017-03-24,24,3,2017,1,4,0,831
2017-11-21,21,11,2017,4,1,0,832
2016-06-11,11,6,2016,2,5,1,833
2018-10-06,6,10,2018,4,5,1,834
2016-08-28,28,8,2016,3,6,1,835
2017-01-03,3,1,2017,1,1,0,836
2015-07-20,20,7,2015,3,0,0,837
2018-05-27,27,5,2018,2,6,1,838
2015-01-28,28,1,2015,1,2,0,839
2018-02-09,9,2,2018,1,4,0,840
2017-03-03,3,3,2017,1,4,0,841
2016-08-23,23,8,2016,3,1,0,842
2018-04-27,27,4,2018,2,4,0,843
2017-06-07,7,6,2017,2,2,0,844
2017-03-21,21,3,2017,1,1,0,845
2015-11-07,7,11,2015,4,5,1,846
2018-03-12,12,3,2018,1,0,0,847
2018-07-22,22,7,2018,3,6,1,848
2016-07-10,10,7,2016,3,6,1,849
2015-11-10,10,11,2015,4,1,0,850
2017-01-09,9,1,2017,1,0,0,851
2015-12-23,23,12,2015,4,2,0,852
2015-10-02,2,10,2015,4,4,0,853
2018-09-01,1,9,2018,3,5,1,854
2017-02-01,1,2,2017,1,2,0,855
2018-10-27,27,10,2018,4,5,1,856
2015-10-11,11,10,2015,4,6,1,857
2015-05-22,22,5,2015,2,4,0,858
2015-07-15,15,7,2015,3,2,0,859
2017-10-30,30,10,2017,4,0,0,860
2015-08-15,15,8,2015,3,5,1,861
2016-09-11,11,9,2016,3,6,1,862
2016-07-23,23,7,2016,3,5,1,863
2016-08-13,13,8,2016,3,5,1,864
2017-08-17,17,8,2017,3,3,0,865
2015-09-23,23,9,2015,3,2,0,866
2015-07-19,19,7,2015,3,6,1,867
2015-01-31,31,1,2015,1,5,1,868
2015-07-09,9,7,2015,3,3,0,869
2017-03-25,25,3,2017,1,5,1,870
2018-07-01,1,7,2018,3,6,1,871
2015-11-21,21,11,2015,4,5,1,872
2016-10-17,17,10,2016,4,0,0,873
2017-09-20,20,9,2017,3,2,0,874
2016-09-27,27,9,2016,3,1,0,875
2017-07-29,29,7,2017,3,5,1,876
2017-08-06,6,8,2017,3,6,1,877
2017-10-07,7,10,2017,4,5,1,878
2015-03-16,16,3,2015,1,0,0,879
2016-03-01,1,3,2016,1,1,0,880
2017-02-20,20,2,2017,1,0,0,881
2017-11-25,25,11,2017,4,5,1,882
2017-12-14,14,12,2017,4,3,0,883
2015-08-31,31,8,2015,3,0,0,884
2015-04-07,7,4,2015,2,1,0,885
2017-11-30,30,11,2017,4,3,0,886
2015-06-20,20,6,2015,2,5,1,887
2017-12-20,20,12,2017,4,2,0,888
2017-08-09,9,8,2017,3,2,0,889
2016-04-10,10,4,2016,2,6,1,890
2017-06-24,24,6,2017,2,5,1,891
2015-04-18,18,4,2015,2,5,1,892
2017-03-29,29,3,2017,1,2,0,893
2015-03-23,23,3,2015,1,0,0,894
2017-07-03,3,7,2017,3,0,0,895
2016-12-10,10,12,2016,4,5,1,896
2017-11-29,29,11,2017,4,2,0,897
2017-09-22,22,9,2017,3,4,0,898
2018-05-03,3,5,2018,2,3,0,899
2016-03-12,12,3,2016,1,5,1,900
2017-06-13,13,6,2017,2,1,0,901
2016-12-05,5,12,2016,4,0,0,902
2016-11-19,19,11,2016,4,5,1,903
2018-11-22,22,11,2018,4,3,0,904
2018-03-06,6,3,2018,1,1,0,905
2017-02-28,28,2,2017,1,1,0,906
2018-02-25,25,2,2018,1,6,1,907
2017-12-17,17,12,2017,4,6,1,908
2015-08-06,6,8,2015,3,3,0,909
2015-04-11,11,4,2015,2,5,1,910
2016-05-03,3,5,2016,2,1,0,911
2018-02-16,16,2,2018,1,4,0,912
2015-11-16,16,11,2015,4,0,0,913
2017-09-04,4,9,2017,3,0,0,914
2016-02-27,27,2,2016,1,5,1,915
2015-01-27,27,1,2015,1,1,0,916
2018-03-05,5,3,2018,1,0,0,917
2018-05-07,7,5,2018,2,0,0,918
2015-04-08,8,4,2015,2,2,0,919
2015-10-28,28,10,2015,4,2,0,920
2018-11-25,25,11,2018,4,6,1,921
2018-06-06,6,6,2018,2,2,0,922
2018-02-17,17,2,2018,1,5,1,923
2015-07-27,27,7,2015,3,0,0,924
2016-10-23,23,10,2016,4,6,1,925
2016-06-15,15,6,2016,2,2,0,926
2018-01-29,29,1,2018,1,0,0,927
2018-05-01,1,5,2018,2,1,0,928
2016-01-03,3,1,2016,1,6,1,929
2018-06-05,5,6,2018,2,1,0,930
2018-07-18,18,7,2018,3,2,0,931
2017-06-28,28,6,2017,2,2,0,932
2016-06-01,1,6,2016,2,2,0,933
2016-02-22,22,2,2016,1,0,0,934
2018-12-15,15,12,2018,4,5,1,935
2015-11-03,3,11,2015,4,1,0,936
2016-03-08,8,3,2016,1,1,0,937
2016-12-22,22,12,2016,4,3,0,938
2018-08-11,11,8,2018,3,5,1,939
2017-12-12,12,12,2017,4,1,0,940
2018-11-15,15,11,2018,4,3,0,941
2018-05-16,16,5,2018,2,2,0,942
2016-05-02,2,5,2016,2,0,0,943
2018-05-11,11,5,2018,2,4,0,944
2018-07-27,27,7,2018,3,4,0,945
2017-12-30,30,12,2017,4,5,1,946
2015-05-19,19,5,2015,2,1,0,947
2017-04-16,16,4,2017,2,6,1,948
2016-03-14,14,3,2016,1,0,0,949
2017-07-01,1,7,2017,3,5,1,950
2017-06-16,16,6,2017,2,4,0,951
2016-07-08,8,7,2016,3,4,0,952
2015-05-05,5,5,2015,2,1,0,953
2015-11-30,30,11,2015,4,0,0,954
2016-02-18,18,2,2016,1,3,0,955
2017-09-30,30,9,2017,3,5,1,956
2016-01-05,5,1,2016,1,1,0,957
2018-07-05,5,7,2018,3,3,0,958
2017-04-04,4,4,2017,2,1,0,959
2015-03-26,26,3,2015,1,3,0,960
2018-10-28,28,10,2018,4,6,1,961
2016-05-17,17,5,2016,2,1,0,962
2018-08-23,23,8,2018,3,3,0,963
2015-08-22,22,8,2015,3,5,1,964
2017-10-04,4,10,2017,4,2,0,965
2015-10-26,26,10,2015,4,0,0,966
2016-02-14,14,2,2016,1,6,1,967
2017-01-25,25,1,2017,1,2,0,968
2018-05-20,20,5,2018,2,6,1,969
2016-10-25,25,10,2016,4,1,0,970
2015-07-07,7,7,2015,3,1,0,971
2018-08-19,19,8,2018,3,6,1,972
2016-11-17,17,11,2016,4,3,0,973
2017-05-03,3,5,2017,2,2,0,974
2016-06-19,19,6,2016,2,6,1,975
2017-07-04,4,7,2017,3,1,0,976
2016-08-07,7,8,2016,3,6,1,977
2015-03-24,24,3,2015,1,1,0,978
2018-06-18,18,6,2018,2,0,0,979
2018-05-23,23,5,2018,2,2,0,980
2015-02-20,20,2,2015,1,4,0,981
2015-11-02,2,11,2015,4,0,0,982
2015-10-10,10,10,2015,4,5,1,983
2018-03-30,30,3,2018,1,4,0,984
2016-07-12,12,7,2016,3,1,0,985
2015-07-13,13,7,2015,3,0,0,986
2018-09-26,26,9,2018,3,2,0,987
2015-04-19,19,4,2015,2,6,1,988
2016-06-09,9,6,2016,2,3,0,989
2016-05-26,26,5,2016,2,3,0,990
2017-01-24,24,1,2017,1,1,0,991
2016-08-02,2,8,2016,3,1,0,992
2015-05-30,30,5,2015,2,5,1,993
2017-04-26,26,4,2017,2,2,0,994
2017-01-10,10,1,2017,1,1,0,995
2017-07-31,31,7,2017,3,0,0,996
2018-03-27,27,3,2018,1,1,0,997
2016-12-17,17,12,2016,4,5,1,998
2016-10-10,10,10,2016,4,0,0,999
2016-04-24,24,4,2016,2,6,1,1000
2016-03-09,9,3,2016,1,2,0,1001
2015-07-08,8,7,2015,3,2,0,1002
2018-07-13,13,7,2018,3,4,0,1003
2016-04-07,7,4,2016,2,3,0,1004
2016-01-13,13,1,2016,1,2,0,1005
2015-10-14,14,10,2015,4,2,0,1006
2017-01-02,2,1,2017,1,0,0,1007
2016-03-15,15,3,2016,1,1,0,1008
2018-01-06,6,1,2018,1,5,1,1009
2015-03-07,7,3,2015,1,5,1,1010
2015-09-03,3,9,2015,3,3,0,1011
2017-01-31,31,1,2017,1,1,0,1012
2017-05-24,24,5,2017,2,2,0,1013
2015-04-30,30,4,2015,2,3,0,1014
2016-09-08,8,9,2016,3,3,0,1015
2017-04-03,3,4,2017,2,0,0,1016
2018-04-25,25,4,2018,2,2,0,1017
2015-04-20,20,4,2015,2,0,0,1018
2018-08-04,4,8,2018,3,5,1,1019
2017-11-17,17,11,2017,4,4,0,1020
2016-06-21,21,6,2016,2,1,0,1021
2015-07-30,30,7,2015,3,3,0,1022
2017-05-27,27,5,2017,2,5,1,1023
2016-09-13,13,9,2016,3,1,0,1024
2018-05-05,5,5,2018,2,5,1,1025
2015-05-10,10,5,2015,2,6,1,1026
2016-01-12,12,1,2016,1,1,0,1027
2015-06-14,14,6,2015,2,6,1,1028
2017-06-21,21,6,2017,2,2,0,1029
2018-08-22,22,8,2018,3,2,0,1030
2017-08-02,2,8,2017,3,2,0,1031
2016-05-21,21,5,2016,2,5,1,1032
2018-01-03,3,1,2018,1,2,0,1033
2018-09-30,30,9,2018,3,6,1,1034
2018-01-16,16,1,2018,1,1,0,1035
2015-12-07,7,12,2015,4,0,0,1036
2017-08-21,21,8,2017,3,0,0,1037
2015-01-06,6,1,2015,1,1,0,1038
2016-01-04,4,1,2016,1,0,0,1039
2015-01-18,18,1,2015,1,6,1,1040
2016-10-24,24,10,2016,4,0,0,1041
2017-08-14,14,8,2017,3,0,0,1042
2018-02-18,18,2,2018,1,6,1,1043
2018-08-24,24,8,2018,3,4,0,1044
2017-03-31,31,3,2017,1,4,0,1045
2018-04-28,28,4,2018,2,5,1,1046
2015-01-19,19,1,2015,1,0,0,1047
2015-02-14,14,2,2015,1,5,1,1048
2018-10-08,8,10,2018,4,0,0,1049
2016-10-08,8,10,2016,4,5,1,1050
2015-02-24,24,2,2015,1,1,0,1051
2016-05-30,30,5,2016,2,0,0,1052
2016-03-31,31,3,2016,1,3,0,1053
2018-05-22,22,5,2018,2,1,0,1054
2017-12-19,19,12,2017,4,1,0,1055
2018-10-04,4,10,2018,4,3,0,1056
2017-02-02,2,2,2017,1,3,0,1057
2017-10-24,24,10,2017,4,1,0,1058
2015-02-11,11,2,2015,1,2,0,1059
2015-12-21,21,12,2015,4,0,0,1060
2016-05-15,15,5,2016,2,6,1,1061
2015-05-28,28,5,2015,2,3,0,1062
2017-07-28,28,7,2017,3,4,0,1063
2015-04-02,2,4,2015,2,3,0,1064
2015-07-28,28,7,2015,3,1,0,1065
2018-03-29,29,3,2018,1,3,0,1066
2017-02-03,3,2,2017,1,4,0,1067
2016-08-11,11,8,2016,3,3,0,1068
2015-11-08,8,11,2015,4,6,1,1069
2016-02-25,25,2,2016,1,3,0,1070
2017-08-31,31,8,2017,3,3,0,1071
2015-08-20,20,8,2015,3,3,0,1072
2017-02-06,6,2,2017,1,0,0,1073
2015-05-02,2,5,2015,2,5,1,1074
2016-07-18,18,7,2016,3,0,0,1075
2016-03-27,27,3,2016,1,6,1,1076
2015-09-10,10,9,2015,3,3,0,1077
2016-08-05,5,8,2016,3,4,0,1078
2016-04-29,29,4,2016,2,4,0,1079
2015-10-16,16,10,2015,4,4,0,1080
2017-07-19,19,7,2017,3,2,0,1081
2016-12-30,30,12,2016,4,4,0,1082
2015-10-05,5,10,2015,4,0,0,1083
2016-04-19,19,4,2016,2,1,0,1084
2017-02-04,4,2,2017,1,5,1,1085
2017-06-15,15,6,2017,2,3,0,1086
2015-03-02,2,3,2015,1,0,0,1087
2015-02-18,18,2,2015,1,2,0,1088
2018-09-20,20,9,2018,3,3,0,1089
2015-10-25,25,10,2015,4,6,1,1090
2016-10-18,18,10,2016,4,1,0,1091
2015-12-22,22,12,2015,4,1,0,1092
2017-08-03,3,8,2017,3,3,0,1093
2015-03-19,19,3,2015,1,3,0,1094
2015-08-02,2,8,2015,3,6,1,1095
2018-04-04,4,4,2018,2,2,0,1096
2018-12-13,13,12,2018,4,3,0,1097
2016-07-27,27,7,2016,3,2,0,1098
2017-02-23,23,2,2017,1,3,0,1099
2017-10-06,6,10,2017,4,4,0,1100
2016-04-22,22,4,2016,2,4,0,1101
2015-09-16,16,9,2015,3,2,0,1102
2015-09-11,11,9,2015,3,4,0,1103
2015-06-17,17,6,2015,2,2,0,1104
2016-10-29,29,10,2016,4,5,1,1105
2016-03-07,7,3,2016,1,0,0,1106
2015-01-30,30,1,2015,1,4,0,1107
2016-02-07,7,2,2016,1,6,1,1108
2018-10-31,31,10,2018,4,2,0,1109
2018-05-30,30,5,2018,2,2,0,1110
2016-03-30,30,3,2016,1,2,0,1111
2016-08-29,29,8,2016,3,0,0,1112
2015-01-14,14,1,2015,1,2,0,1113
2016-03-21,21,3,2016,1,0,0,1114
2015-09-15,15,9,2015,3,1,0,1115
2016-07-24,24,7,2016,3,6,1,1116
2015-02-23,23,2,2015,1,0,0,1117
2016-06-05,5,6,2016,2,6,1,1118
2015-05-07,7,5,2015,2,3,0,1119
2018-02-05,5,2,2018,1,0,0,1120
2017-05-10,10,5,2017,2,2,0,1121
2017-08-07,7,8,2017,3,0,0,1122
2016-04-21,21,4,2016,2,3,0,1123
2018-01-13,13,1,2018,1,5,1,1124
2015-09-06,6,9,2015,3,6,1,1125
2016-01-19,19,1,2016,1,1,0,1126
2018-05-25,25,5,2018,2,4,0,1127
2015-11-05,5,11,2015,4,3,0,1128
2016-05-20,20,5,2016,2,4,0,1129
2015-07-04,4,7,2015,3,5,1,1130
2016-02-16,16,2,2016,1,1,0,1131
2017-07-24,24,7,2017,3,0,0,1132
2015-08-12,12,8,2015,3,2,0,1133
2017-06-18,18,6,2017,2,6,1,1134
2017-01-08,8,1,2017,1,6,1,1135
2016-12-16,16,12,2016,4,4,0,1136
2015-10-17,17,10,2015,4,5,1,1137
2016-05-24,24,5,2016,2,1,0,1138
2018-07-24,24,7,2018,3,1,0,1139
2018-12-06,6,12,2018,4,3,0,1140
2016-10-16,16,10,2016,4,6,1,1141
2016-06-28,28,6,2016,2,1,0,1142
2017-09-16,16,9,2017,3,5,1,1143
2018-05-26,26,5,2018,2,5,1,1144
2018-02-04,4,2,2018,1,6,1,1145
2016-01-09,9,1,2016,1,5,1,1146
2017-08-19,19,8,2017,3,5,1,1147
2017-08-01,1,8,2017,3,1,0,1148
2015-10-09,9,10,2015,4,4,0,1149
2016-05-13,13,5,2016,2,4,0,1150
2015-04-22,22,4,2015,2,2,0,1151
2017-02-12,12,2,2017,1,6,1,1152
2018-01-09,9,1,2018,1,1,0,1153
2018-08-16,16,8,2018,3,3,0,1154
2017-01-14,14,1,2017,1,5,1,1155
2017-10-10,10,10,2017,4,1,0,1156
2017-01-23,23,1,2017,1,0,0,1157
2016-02-10,10,2,2016,1,2,0,1158
2015-03-29,29,3,2015,1,6,1,1159
2017-10-16,16,10,2017,4,0,0,1160
2017-09-13,13,9,2017,3,2,0,1161
2018-11-29,29,11,2018,4,3,0,1162
2015-02-15,15,2,2015,1,6,1,1163
2018-07-14,14,7,2018,3,5,1,1164
2015-11-20,20,11,2015,4,4,0,1165
2015-02-22,22,2,2015,1,6,1,1166
2015-04-15,15,4,2015,2,2,0,1167
2015-01-07,7,1,2015,1,2,0,1168
2018-09-13,13,9,2018,3,3,0,1169
2015-10-08,8,10,2015,4,3,0,1170
2018-07-02,2,7,2018,3,0,0,1171
2016-01-06,6,1,2016,1,2,0,1172
2017-04-13,13,4,2017,2,3,0,1173
2017-02-14,14,2,2017,1,1,0,1174
2015-05-16,16,5,2015,2,5,1,1175
2016-01-24,24,1,2016,1,6,1,1176
2015-03-28,28,3,2015,1,5,1,1177
2016-07-14,14,7,2016,3,3,0,1178
2015-05-31,31,5,2015,2,6,1,1179
2015-01-03,3,1,2015,1,5,1,1180
2017-07-20,20,7,2017,3,3,0,1181
2016-09-20,20,9,2016,3,1,0,1182
2016-10-20,20,10,2016,4,3,0,1183
2018-11-08,8,11,2018,4,3,0,1184
2016-05-22,22,5,2016,2,6,1,1185
2017-03-09,9,3,2017,1,3,0,1186
2017-06-30,30,6,2017,2,4,0,1187
2016-05-10,10,5,2016,2,1,0,1188
2018-05-09,9,5,2018,2,2,0,1189
2018-07-26,26,7,2018,3,3,0,1190
2017-08-11,11,8,2017,3,4,0,1191
2018-04-06,6,4,2018,2,4,0,1192
2018-03-14,14,3,2018,1,2,0,1193
2017-03-06,6,3,2017,1,0,0,1194
2015-08-30,30,8,2015,3,6,1,1195
2015-03-05,5,3,2015,1,3,0,1196
2017-03-27,27,3,2017,1,0,0,1197
2017-04-02,2,4,2017,2,6,1,1198
2017-01-28,28,1,2017,1,5,1,1199
2017-11-09,9,11,2017,4,3,0,1200
2018-10-24,24,10,2018,4,2,0,1201
2015-10-01,1,10,2015,4,3,0,1202
2016-02-23,23,2,2016,1,1,0,1203
2017-04-06,6,4,2017,2,3,0,1204
2015-05-08,8,5,2015,2,4,0,1205
2017-02-09,9,2,2017,1,3,0,1206
2017-05-31,31,5,2017,2,2,0,1207
2016-01-26,26,1,2016,1,1,0,1208
2018-10-10,10,10,2018,4,2,0,1209
2018-07-12,12,7,2018,3,3,0,1210
2016-05-18,18,5,2016,2,2,0,1211
2015-01-23,23,1,2015,1,4,0,1212
2016-06-08,8,6,2016,2,2,0,1213
2015-02-08,8,2,2015,1,6,1,1214
2016-11-11,11,11,2016,4,4,0,1215
2018-02-21,21,2,2018,1,2,0,1216
2016-09-16,16,9,2016,3,4,0,1217
2015-06-24,24,6,2015,2,2,0,1218
2015-10-27,27,10,2015,4,1,0,1219
2015-02-27,27,2,2015,1,4,0,1220
2017-08-05,5,8,2017,3,5,1,1221
2015-02-17,17,2,2015,1,1,0,1222
2016-05-11,11,5,2016,2,2,0,1223
2016-04-14,14,4,2016,2,3,0,1224
2016-01-28,28,1,2016,1,3,0,1225
2015-06-10,10,6,2015,2,2,0,1226
2017-10-11,11,10,2017,4,2,0,1227
2015-06-18,18,6,2015,2,3,0,1228
2018-02-28,28,2,2018,1,2,0,1229
2016-05-09,9,5,2016,2,0,0,1230
2015-05-15,15,5,2015,2,4,0,1231
2016-09-30,30,9,2016,3,4,0,1232
2017-01-20,20,1,2017,1,4,0,1233
2016-05-05,5,5,2016,2,3,0,1234
2016-02-05,5,2,2016,1,4,0,1235
2017-10-19,19,10,2017,4,3,0,1236
2017-09-07,7,9,2017,3,3,0,1237
2017-03-16,16,3,2017,1,3,0,1238
2016-06-02,2,6,2016,2,3,0,1239
2016-06-03,3,6,2016,2,4,0,1240
2015-03-06,6,3,2015,1,4,0,1241
2016-10-14,14,10,2016,4,4,0,1242
2018-06-07,7,6,2018,2,3,0,1243
2016-02-13,13,2,2016,1,5,1,1244
2016-03-04,4,3,2016,1,4,0,1245
2019-01-02,2,1,2019,1,2,0,1246
2017-04-27,27,4,2017,2,3,0,1247
2017-04-29,29,4,2017,2,5,1,1248
2015-07-17,17,7,2015,3,4,0,1249
2015-04-17,17,4,2015,2,4,0,1250
2016-12-02,2,12,2016,4,4,0,1251
2016-11-04,4,11,2016,4,4,0,1252
2018-12-12,12,12,2018,4,2,0,1253
2018-06-28,28,6,2018,2,3,0,1254
2015-12-25,25,12,2015,4,4,0,1255
2017-11-02,2,11,2017,4,3,0,1256
2018-01-25,25,1,2018,1,3,0,1257
2017-06-01,1,6,2017,2,3,0,1258
2015-09-18,18,9,2015,3,4,0,1259
2019-01-04,4,1,2019,1,4,0,1260
2019-01-05,5,1,2019,1,5,1,1261
2018-06-23,23,6,2018,2,5,1,1262
2018-05-24,24,5,2018,2,3,0,1263
2017-02-18,18,2,2017,1,5,1,1264
2015-01-08,8,1,2015,1,3,0,1265
2016-10-06,6,10,2016,4,3,0,1266
2016-06-30,30,6,2016,2,3,0,1267
2017-07-27,27,7,2017,3,3,0,1268
2017-02-24,24,2,2017,1,4,0,1269
2015-04-10,10,4,2015,2,4,0,1270
2019-01-03,3,1,2019,1,3,0,1271
2016-04-15,15,4,2016,2,4,0,1272
2018-09-06,6,9,2018,3,3,0,1273
2016-07-28,28,7,2016,3,3,0,1274
2019-01-01,1,1,2019,1,1,0,1275
2018-01-10,10,1,2018,1,2,0,1276
2017-01-13,13,1,2017,1,4,0,1277
2016-04-08,8,4,2016,2,4,0,1278
2016-07-29,29,7,2016,3,4,0,1279
2017-12-07,7,12,2017,4,3,0,1280
2018-07-04,4,7,2018,3,2,0,1281
2015-03-08,8,3,2015,1,6,1,1282
2015-07-16,16,7,2015,3,3,0,1283
2017-12-28,28,12,2017,4,3,0,1284
2018-09-27,27,9,2018,3,3,0,1285
2016-10-07,7,10,2016,4,4,0,1286
2018-02-08,8,2,2018,1,3,0,1287
2018-10-18,18,10,2018,4,3,0,1288
2018-01-04,4,1,2018,1,3,0,1289
2018-10-25,25,10,2018,4,3,0,1290
2017-07-13,13,7,2017,3,3,0,1291
2018-01-31,31,1,2018,1,2,0,1292
2018-08-08,8,8,2018,3,2,0,1293
2015-04-24,24,4,2015,2,4,0,1294
2015-08-14,14,8,2015,3,4,0,1295
2018-02-14,14,2,2018,1,2,0,1296
2017-06-22,22,6,2017,2,3,0,1297
2016-03-18,18,3,2016,1,4,0,1298
2015-04-09,9,4,2015,2,3,0,1299
2016-03-25,25,3,2016,1,4,0,1300
2015-12-18,18,12,2015,4,4,0,1301
2016-08-12,12,8,2016,3,4,0,1302
2017-05-13,13,5,2017,2,5,1,1303
2016-09-29,29,9,2016,3,3,0,1304
2016-01-15,15,1,2016,1,4,0,1305
2016-07-15,15,7,2016,3,4,0,1306
2016-02-04,4,2,2016,1,3,0,1307
2017-05-04,4,5,2017,2,3,0,1308
2016-09-09,9,9,2016,3,4,0,1309
2015-01-12,12,1,2015,1,0,0,1310
2016-02-19,19,2,2016,1,4,0,1311
2018-08-30,30,8,2018,3,3,0,1312
2017-07-11,11,7,2017,3,1,0,1313
2017-08-10,10,8,2017,3,3,0,1314
2015-06-11,11,6,2015,2,3,0,1315
2015-05-29,29,5,2015,2,4,0,1316
2016-02-11,11,2,2016,1,3,0,1317
2018-08-02,2,8,2018,3,3,0,1318
2018-01-17,17,1,2018,1,2,0,1319
2018-04-18,18,4,2018,2,2,0,1320
2016-07-01,1,7,2016,3,4,0,1321
2015-01-17,17,1,2015,1,5,1,1322
2016-05-27,27,5,2016,2,4,0,1323
2015-02-09,9,2,2015,1,0,0,1324
2017-09-21,21,9,2017,3,3,0,1325
2016-12-29,29,12,2016,4,3,0,1326
2018-03-01,1,3,2018,1,3,0,1327
2018-07-19,19,7,2018,3,3,0,1328
2018-04-05,5,4,2018,2,3,0,1329
2017-01-12,12,1,2017,1,3,0,1330
2016-08-03,3,8,2016,3,2,0,1331
2016-08-26,26,8,2016,3,4,0,1332
2017-10-05,5,10,2017,4,3,0,1333
2016-03-11,11,3,2016,1,4,0,1334
2018-01-11,11,1,2018,1,3,0,1335
2016-09-02,2,9,2016,3,4,0,1336
2015-08-21,21,8,2015,3,4,0,1337
2017-03-23,23,3,2017,1,3,0,1338
2018-10-11,11,10,2018,4,3,0,1339
2018-03-22,22,3,2018,1,3,0,1340
2018-12-31,31,12,2018,4,0,0,1341
2016-01-29,29,1,2016,1,4,0,1342
2018-05-17,17,5,2018,2,3,0,1343
2016-08-19,19,8,2016,3,4,0,1344
2016-08-30,30,8,2016,3,1,0,1345
2018-01-18,18,1,2018,1,3,0,1346
2016-09-23,23,9,2016,3,4,0,1347
2016-11-18,18,11,2016,4,4,0,1348
2018-01-05,5,1,2018,1,4,0,1349
2017-01-19,19,1,2017,1,3,0,1350
2015-02-25,25,2,2015,1,2,0,1351
2015-05-01,1,5,2015,2,4,0,1352
2015-04-03,3,4,2015,2,4,0,1353
2017-08-24,24,8,2017,3,3,0,1354
2016-06-17,17,6,2016,2,4,0,1355
2015-12-11,11,12,2015,4,4,0,1356
2017-02-26,26,2,2017,1,6,1,1357
2015-07-24,24,7,2015,3,4,0,1358
2018-04-19,19,4,2018,2,3,0,1359
2015-07-03,3,7,2015,3,4,0,1360
2017-06-03,3,6,2017,2,5,1,1361
2017-01-01,1,1,2017,1,6,1,1362
2015-09-04,4,9,2015,3,4,0,1363
2016-08-14,14,8,2016,3,6,1,1364
2015-08-18,18,8,2015,3,1,0,1365
2016-01-01,1,1,2016,1,4,0,1366
2016-08-20,20,8,2016,3,5,1,1367
2015-08-13,13,8,2015,3,3,0,1368
2015-04-27,27,4,2015,2,0,0,1369
2017-10-26,26,10,2017,4,3,0,1370
2017-07-06,6,7,2017,3,3,0,1371
2017-12-21,21,12,2017,4,3,0,1372
2015-06-12,12,6,2015,2,4,0,1373
2018-02-22,22,2,2018,1,3,0,1374
2015-07-29,29,7,2015,3,2,0,1375
2016-10-27,27,10,2016,4,3,0,1376
2016-01-08,8,1,2016,1,4,0,1377
2016-02-24,24,2,2016,1,2,0,1378
2015-06-26,26,6,2015,2,4,0,1379
2016-04-23,23,4,2016,2,5,1,1380
2017-04-20,20,4,2017,2,3,0,1381
2015-10-30,30,10,2015,4,4,0,1382
2017-01-27,27,1,2017,1,4,0,1383
2015-03-09,9,3,2015,1,0,0,1384
2017-07-26,26,7,2017,3,2,0,1385
2018-06-14,14,6,2018,2,3,0,1386
2015-02-26,26,2,2015,1,3,0,1387
2015-11-06,6,11,2015,4,4,0,1388
2017-01-26,26,1,2017,1,3,0,1389
2015-06-05,5,6,2015,2,4,0,1390
2015-07-10,10,7,2015,3,4,0,1391
2018-02-01,1,2,2018,1,3,0,1392
2018-03-15,15,3,2018,1,3,0,1393
2017-10-12,12,10,2017,4,3,0,1394
2016-06-27,27,6,2016,2,0,0,1395
2018-02-07,7,2,2018,1,2,0,1396
2016-01-18,18,1,2016,1,0,0,1397
2016-01-22,22,1,2016,1,4,0,1398
2015-01-21,21,1,2015,1,2,0,1399
2018-05-31,31,5,2018,2,3,0,1400
2015-02-19,19,2,2015,1,3,0,1401
2015-01-25,25,1,2015,1,6,1,1402
2017-02-10,10,2,2017,1,4,0,1403
2016-04-03,3,4,2016,2,6,1,1404
2016-07-22,22,7,2016,3,4,0,1405
2015-08-07,7,8,2015,3,4,0,1406
2015-11-13,13,11,2015,4,4,0,1407
2017-04-11,11,4,2017,2,1,0,1408
2017-01-29,29,1,2017,1,6,1,1409
2018-05-10,10,5,2018,2,3,0,1410
2016-05-06,6,5,2016,2,4,0,1411
2015-10-23,23,10,2015,4,4,0,1412
2016-06-10,10,6,2016,2,4,0,1413
2018-08-09,9,8,2018,3,3,0,1414
2018-02-27,27,2,2018,1,1,0,1415
2015-03-13,13,3,2015,1,4,0,1416
2018-02-12,12,2,2018,1,0,0,1417
2016-07-21,21,7,2016,3,3,0,1418
2016-05-19,19,5,2016,2,3,0,1419
2016-01-07,7,1,2016,1,3,0,1420
2016-06-24,24,6,2016,2,4,0,1421
2017-03-02,2,3,2017,1,3,0,1422
2015-03-20,20,3,2015,1,4,0,1423
2015-01-29,29,1,2015,1,3,0,1424
2018-02-15,15,2,2018,1,3,0,1425
2016-03-03,3,3,2016,1,3,0,1426
2015-08-28,28,8,2015,3,4,0,1427
2015-02-10,10,2,2015,1,1,0,1428
2016-02-01,1,2,2016,1,0,0,1429
2015-08-10,10,8,2015,3,0,0,1430
2015-03-12,12,3,2015,1,3,0,1431
